INSERT INTO strengths (strength_id, name_zh, category, description, suggestion, fruit_name, outfit_reward) VALUES
('creativity', '創造力', '智慧及知識', '能想出新的方法、點子或作品，讓事情有不同的可能。', '今天可以試著用一個新方法完成小任務，或畫下你想到的新點子。', '創意果實', 'creativity_brush'),
('curiosity', '好奇心', '智慧及知識', '願意提問、探索，想知道事情為什麼會這樣。', '遇到不懂的事，可以先問一個「為什麼」或「怎麼做到」。', '好奇果實', 'curiosity_hat'),
('judgment', '判斷力', '智慧及知識', '能停下來想一想，從不同角度看事情再做決定。', '做決定前，可以試著列出兩個選項各自的好處和困難。', '判斷果實', 'judgment_lens'),
('love_of_learning', '喜愛學習', '智慧及知識', '喜歡理解新知識，也願意多練習讓自己更懂。', '挑一個今天想更懂的小知識，花五分鐘查一查或問問看。', '學習果實', 'learning_glasses'),
('perspective', '洞察力', '智慧及知識', '能把經驗整理成想法，也能給出有幫助的觀點。', '遇到一件事後，可以想想「我從這件事學到什麼」。', '洞察果實', 'perspective_map'),
('bravery', '勇敢', '勇氣', '就算有點害怕或緊張，仍願意面對重要的事情。', '今天可以選一件小小有點難的事，慢慢試一次。', '勇敢果實', 'bravery_cape'),
('perseverance', '勤奮', '勇氣', '遇到困難時仍願意練習、完成任務，讓自己一步一步進步。', '把一件困難任務切成很小的一步，先完成第一步就好。', '勤奮果實', 'perseverance_boots'),
('honesty', '真誠', '勇氣', '能誠實表達自己的想法、感受與狀態。', '可以試著用一句話說出你真正的感覺，例如「我其實有點擔心」。', '真誠果實', 'honesty_badge'),
('zest', '熱誠', '勇氣', '對喜歡的事有活力，也願意投入其中。', '找一件讓你有精神的小事，給自己十分鐘好好投入。', '熱誠果實', 'zest_scarf'),
('love', '愛與被愛', '仁愛', '重視親近的人，也願意接住彼此的關心。', '今天可以對一位重要的人說一句謝謝或關心的話。', '關愛果實', 'love_pin'),
('kindness', '仁慈', '仁愛', '願意關心、幫助或安慰別人。', '你可以試著今天對一位同學說一句鼓勵的話。', '仁慈果實', 'kindness_cloak'),
('social_intelligence', '社交智慧', '仁愛', '能察覺自己和別人的感受，並調整互動方式。', '聊天時可以觀察對方的表情，想想他現在可能需要什麼。', '社交果實', 'social_bridge_badge'),
('teamwork', '團體合作', '公義', '願意和大家一起完成任務，也會重視隊友。', '下次分組時，可以主動問一句「我可以負責哪一部分」。', '合作果實', 'teamwork_scarf'),
('fairness', '公平', '公義', '重視每個人都被合理對待，不只想到自己。', '遇到分配時，可以想想每個人的需要是否都有被看見。', '公平果實', 'fairness_scale'),
('leadership', '領導力', '公義', '能協助大家整理方向，帶著團隊往前。', '當大家不知道怎麼開始時，可以先提一個小步驟。', '領導果實', 'leadership_flag'),
('forgiveness', '寬恕', '節制', '願意慢慢放下受傷或不舒服，不一直困在責怪裡。', '如果還不能原諒也沒關係，可以先說出自己受傷的地方。', '寬恕果實', 'forgiveness_leaf'),
('humility', '謙遜', '節制', '知道自己的長處，也願意承認還有能學習的地方。', '完成一件事後，可以想想哪裡做得好、哪裡還能更好。', '謙遜果實', 'humility_patch'),
('prudence', '審慎', '節制', '行動前會想一想，避免讓自己或別人受傷。', '做重要決定前，可以先停三秒，想想可能的後果。', '審慎果實', 'prudence_lantern'),
('self_regulation', '自我規範', '節制', '能管理自己的情緒、注意力或行動，讓自己慢慢穩定。', '如果心情亂，可以先深呼吸三次，再決定下一步。', '規範果實', 'self_regulation_shield'),
('appreciation_of_beauty', '欣賞美好', '靈性及超越', '能注意生活裡美麗、特別或讓人感動的事物。', '今天可以找一個你覺得漂亮或有趣的小細節。', '美好果實', 'beauty_camera'),
('gratitude', '感激', '靈性及超越', '能看見別人的付出，並感受到謝意。', '今天可以向一個幫助你的人說謝謝。', '感激果實', 'gratitude_badge'),
('hope', '希望', '靈性及超越', '相信未來仍有可能，也願意朝目標前進。', '想一個你希望變好的地方，寫下一個今天能做的小步驟。', '希望果實', 'hope_compass'),
('humor', '幽默', '靈性及超越', '能用輕鬆有趣的方式看事情，讓氣氛變柔和。', '今天可以分享一件讓你微笑的小事。', '幽默果實', 'humor_button'),
('spirituality', '靈性', '靈性及超越', '能感覺自己和更大的意義、信念或價值有連結。', '可以想想一件對你很重要、讓你想努力的原因。', '靈性果實', 'spirit_star')
ON DUPLICATE KEY UPDATE
name_zh = VALUES(name_zh),
category = VALUES(category),
description = VALUES(description),
suggestion = VALUES(suggestion),
fruit_name = VALUES(fruit_name),
outfit_reward = VALUES(outfit_reward);

INSERT INTO outfits (outfit_id, name, display_name, related_strength_id, cost) VALUES
('starter_scarf', 'starter_scarf', '初心圍巾', NULL, 0),
('creativity_brush', 'creativity_brush', '創意畫筆', 'creativity', 65),
('curiosity_hat', 'curiosity_hat', '好奇帽', 'curiosity', 65),
('judgment_lens', 'judgment_lens', '判斷放大鏡', 'judgment', 55),
('learning_glasses', 'learning_glasses', '學習眼鏡', 'love_of_learning', 55),
('perspective_map', 'perspective_map', '洞察地圖', 'perspective', 55),
('bravery_cape', 'bravery_cape', '勇敢披風', 'bravery', 75),
('perseverance_boots', 'perseverance_boots', '勤奮靴', 'perseverance', 65),
('honesty_badge', 'honesty_badge', '真誠徽章', 'honesty', 60),
('zest_scarf', 'zest_scarf', '熱誠領巾', 'zest', 85),
('love_pin', 'love_pin', '關愛別針', 'love', 60),
('kindness_cloak', 'kindness_cloak', '仁慈斗篷', 'kindness', 55),
('social_bridge_badge', 'social_bridge_badge', '社交橋徽章', 'social_intelligence', 45),
('teamwork_scarf', 'teamwork_scarf', '合作圍巾', 'teamwork', 55),
('fairness_scale', 'fairness_scale', '公平天秤', 'fairness', 60),
('leadership_flag', 'leadership_flag', '領導小旗', 'leadership', 65),
('forgiveness_leaf', 'forgiveness_leaf', '寬恕葉片', 'forgiveness', 60),
('humility_patch', 'humility_patch', '謙遜布章', 'humility', 35),
('prudence_lantern', 'prudence_lantern', '審慎提燈', 'prudence', 55),
('self_regulation_shield', 'self_regulation_shield', '自我規範盾牌', 'self_regulation', 65),
('beauty_camera', 'beauty_camera', '美好相機', 'appreciation_of_beauty', 60),
('gratitude_badge', 'gratitude_badge', '感激徽章', 'gratitude', 55),
('hope_compass', 'hope_compass', '希望羅盤', 'hope', 55),
('humor_button', 'humor_button', '幽默鈕扣', 'humor', 40),
('spirit_star', 'spirit_star', '靈性星星', 'spirituality', 70)
ON DUPLICATE KEY UPDATE
display_name = VALUES(display_name),
related_strength_id = VALUES(related_strength_id),
cost = VALUES(cost);

INSERT INTO children (child_id, username, password_hash, name, tokens, selected_character, selected_outfit) VALUES
('child_B', 'studentB', '1234', 'B生', 1000000, 'fox', 'perseverance_boots'),
('child_C', 'studentC', '1234', 'C生', 1000000, 'cat', 'self_regulation_shield'),
('child_D', 'studentD', '1234', 'D生', 1000000, 'rabbit', 'self_regulation_shield'),
('child_E', 'studentE', '1234', 'E生', 1000000, 'inventor', 'perseverance_boots'),
('child_F', 'studentF', '1234', 'F生', 1000000, 'fox', 'social_bridge_badge'),
('child_G', 'studentG', '1234', 'G生', 1000000, 'cat', 'social_bridge_badge'),
('child_H', 'studentH', '1234', 'H生', 1000000, 'rabbit', 'judgment_lens'),
('child_I', 'studentI', '1234', 'I生', 1000000, 'inventor', 'judgment_lens'),
('child_J', 'studentJ', '1234', 'J生', 1000000, 'fox', 'self_regulation_shield'),
('child_K', 'studentK', '1234', 'K生', 1000000, 'cat', 'self_regulation_shield'),
('child_L', 'studentL', '1234', 'L生', 1000000, 'rabbit', 'judgment_lens'),
('child_M', 'studentM', '1234', 'M生', 1000000, 'inventor', 'perseverance_boots'),
('child_N', 'studentN', '1234', 'N生', 1000000, 'fox', 'self_regulation_shield'),
('child_O', 'studentO', '1234', 'O生', 1000000, 'cat', 'self_regulation_shield'),
('child_P', 'studentP', '1234', 'P生', 1000000, 'rabbit', 'perseverance_boots')
ON DUPLICATE KEY UPDATE
username = VALUES(username),
password_hash = VALUES(password_hash),
name = VALUES(name),
tokens = VALUES(tokens),
selected_character = VALUES(selected_character),
selected_outfit = VALUES(selected_outfit);

DELETE FROM child_strengths WHERE source = 'counseling_record';
DELETE FROM child_outfits WHERE unlocked_source = 'counseling_record';

INSERT INTO child_strengths (child_id, strength_id, source, evidence_text, confidence) VALUES
('child_B', 'perseverance', 'counseling_record', '雖然一開始有點不情願，但最終仍堅持完成複習到指定時間，展現了完成工作的毅力。', 0.950),
('child_B', 'self_regulation', 'counseling_record', '等晚餐時主動先去寫作業。', 0.950),
('child_B', 'social_intelligence', 'counseling_record', '某生有問某生一些興趣愛好，喜歡的明星之類的，試圖透過找共同點去建立關係，我覺得社交技巧比之前提升很多。', 0.950),
('child_B', 'honesty', 'counseling_record', 'B生 直接表達內心的感受（「老師你為什麼教他不教我」），不掩飾自己對於被忽視的擔憂，這種坦率的溝通方式也是一種性格表現。', 0.950),
('child_B', 'hope', 'counseling_record', '認真地訂定自己未來的長期目標，並有付諸努力去達成目標。', 0.950),
('child_C', 'self_regulation', 'counseling_record', '在數學練習上表現穩定，能獨立思考並「基本上自己完成」，且在學習遇到瓶頸（植物組織比較）時，能配合老師的引導與技巧轉化為理解。', 0.950),
('child_C', 'perseverance', 'counseling_record', '在填寫「自我覺察表」時展現深思熟慮的態度，並設定「上課不分心」的具體投資觀念，這顯示他正試圖以更有毅力的方式克服學習上的弱點。', 0.950),
('child_C', 'honesty', 'counseling_record', '願意坦承自己上課容易分心，並正視與重要他人之間關係的微妙變化，體現了他對自身狀態的誠實。', 0.950),
('child_C', 'social_intelligence', 'counseling_record', 'C生 在觀摩炒飯時提及重要他人，並流露出對重要他人廚藝（或能力）的依賴與稱讚，顯示他與重要他人間的對立情緒正在緩解，能更客觀地看見他人的長處。', 0.950),
('child_C', 'love_of_learning', 'counseling_record', '主動挑選生物科的「五界分類」與「個體組成」進行複習，並在遇到瓶頸時積極「提出來希望老師講解」，展現了強烈的求知欲。', 0.950),
('child_D', 'self_regulation', 'counseling_record', '她展現了良好的時間管理能力，能有效分配作業與自主練習的時間，自律地完成學習計畫。', 0.950),
('child_D', 'perseverance', 'counseling_record', 'D生 展現了高效的執行力，能迅速且專注地完成既定的學校作業，不拖延任務。', 0.950),
('child_D', 'honesty', 'counseling_record', '她在記錄中坦率地表達對作品的真實看法，不論是優點還是缺點都如實呈現，反映出求真的態度。', 0.950),
('child_D', 'hope', 'counseling_record', 'D生 對未來有明確的目標（考上目標學校），展現了目標導向的積極態度與對未來的期待。', 0.950),
('child_D', 'social_intelligence', 'counseling_record', '模擬考後適時地透過桌遊與 J生、F生 及老師互動，顯示她懂得如何在壓力釋放後建立良好的社交連結。', 0.950),
('child_E', 'perseverance', 'counseling_record', '即使教師節卡片很困難，但還是在寫完札記後，很有毅力的努力完成它。', 0.950),
('child_E', 'kindness', 'counseling_record', '對於K生意外事件事件，很放在心上，也寫在日記裡，希望K生沒事。', 0.950),
('child_E', 'self_regulation', 'counseling_record', '雖然想繼續玩遊戲，但是有遵守約定，進教室。', 0.950),
('child_E', 'judgment', 'counseling_record', '知道先完成當下作業，再去進行英文線上學習，展現對事情先後順序的安排能力。', 0.950),
('child_E', 'curiosity', 'counseling_record', '數學過程中主動詢問「短除法怎麼做」，遇到不懂的地方願意發問學習。', 0.950),
('child_F', 'social_intelligence', 'counseling_record', '能積極回應他人提問，表示F生具備察覺互動情境並適時參與交流的能力。', 0.950),
('child_F', 'hope', 'counseling_record', '對未來有目標和盼望，也努力追求。', 0.950),
('child_F', 'perspective', 'counseling_record', 'F生表示自己不想放棄一般學科學習，同時也希望有機會發展美術，顯示她能從長遠角度思考未來方向，整合多元需求做選擇。', 0.950),
('child_F', 'kindness', 'counseling_record', '9/2 完成國語第一課語文測驗，細心思考。與同學互動良好 生命力：能正面去看待事物、相信自己的努力會有成果愛：與同學互動良好。', 0.950),
('child_F', 'judgment', 'counseling_record', '談到畢業旅行時，F生表示「感覺沒有預期的好，很貴」，顯示她能根據實際經驗進行評估，而非只停留在期待感受，具備客觀看待事情的能力。', 0.950),
('child_G', 'social_intelligence', 'counseling_record', '能與他人一起進行桌遊互動，顯示G生具備融入同儕活動與維持互動的能力。', 0.950),
('child_G', 'zest', 'counseling_record', '在分享作品與討論攝影過程中持續投入，展現其對興趣活動的熱情與參與感。', 0.950),
('child_G', 'self_regulation', 'counseling_record', '在遊戲時間中「沒有一直用手機」，顯示G生能控制自己使用手機的頻率，不完全沉浸於數位設備。', 0.950),
('child_G', 'hope', 'counseling_record', '主動請求計時並投入完成任務，反映其對自己能進入學習狀態並完成目標抱持正向期待。', 0.950),
('child_G', 'kindness', 'counseling_record', '在理解他人感受後，主動寫道歉卡片並表現出「很多的歉意」，顯示其開始關注他人感受並願意修補關係。', 0.950),
('child_H', 'judgment', 'counseling_record', '在一開始抗拒的情況下，經過解說與同儕陪伴後「慢慢豁 然開朗」，顯示H生能調整理解並接受新觀念。', 0.950),
('child_H', 'social_intelligence', 'counseling_record', '在他人引導下能持續互動並完成學習過程，顯示其能透過人際支持維持學習。', 0.950),
('child_H', 'perspective', 'counseling_record', '在「慢慢講解給他聽」之後，H生能「知道錯的地方」並理解說 明，顯示其具備理解與掌握重點的能力。', 0.950),
('child_H', 'perseverance', 'counseling_record', '雖然寫作業的時間較同組其他同學長，但H生努力完成，並把 昨天未完成的札記補齊。', 0.950),
('child_H', 'self_regulation', 'counseling_record', '在提醒後，會記得跟老師的約定。吃完飯回來，他表示很累 想休息，我們先一起討論作業內容有哪些，預計可能需要多久，約定好可以先休息十分鐘再開始。開始寫，雖然容易跟別人聊天，但再提醒記得我們的約定後，會回神過來，然後堅持下去。', 0.950),
('child_I', 'judgment', 'counseling_record', '能為自己設定目標並思考達成方式。', 0.950),
('child_I', 'perseverance', 'counseling_record', '願意完成作業並配合檢查與複習。', 0.950),
('child_I', 'self_regulation', 'counseling_record', '在與同儕互動中能包容並協助他人。', 0.950),
('child_I', 'social_intelligence', 'counseling_record', '能主動與他人互動並分享自己的成就。', 0.750),
('child_I', 'bravery', 'counseling_record', '面對不熟悉內容仍願意思考與嘗試完成 9/24。', 0.750),
('child_J', 'self_regulation', 'counseling_record', '時間到可以馬上放下手機專心寫作業。', 0.950),
('child_J', 'perseverance', 'counseling_record', '在時間有限情況下仍努力完成部分任務。', 0.950),
('child_J', 'social_intelligence', 'counseling_record', '願意分享創作內容並與他人互動。', 0.750),
('child_J', 'bravery', 'counseling_record', '對自身準備狀況有信心並能表達想法。', 0.750),
('child_J', 'prudence', 'counseling_record', '知道因為下雨所以不能一課寫作業，也等到乾了確保作業不會撕破才動筆，很有耐心也負責確認作業狀況。', 0.750),
('child_K', 'self_regulation', 'counseling_record', '9/2 作業完成2/21. 數學：已在學校完成。2. 札記 今天K生作業完成的很快，數學作業在學校就寫完了。自制力：作業迅速地完成。', 0.950),
('child_K', 'perseverance', 'counseling_record', '能在時間內完成多項作業並維持進度。', 0.950),
('child_K', 'curiosity', 'counseling_record', '在跨文化學習情境中，能分享學習韓文的經驗與觀察（如書寫困難），展現對新事物的興趣與覺察。', 0.950),
('child_K', 'social_intelligence', 'counseling_record', '主動與老師分享自身與學校老師的互動關係及個人生活背景，並自然延伸話題進行交流，展現良好的人際互動與溝通能力。', 0.950),
('child_K', 'honesty', 'counseling_record', '雖然沒有帶到數學但是有用抄題目的方式完成作業，雖然是我借到的紙以及我借到的題本，但至少有開始寫了ＱＱ。', 0.750),
('child_L', 'judgment', 'counseling_record', '具備良好計算能力並能靈活運用心算。', 0.950),
('child_L', 'self_regulation', 'counseling_record', '能自行安排順序有效完成多項作業 10/7 假。', 0.950),
('child_L', 'perseverance', 'counseling_record', '因為數學都是錯在四則運算，所以比較沒有耐心，會一直想逃避，但培他憶起看訂正的題目後，就願意好好完成。', 0.950),
('child_L', 'social_intelligence', 'counseling_record', '能透過其他方式回應與表達學習需求。', 0.750),
('child_L', 'kindness', 'counseling_record', '今天輪到L生和某生洗碗，但因為某生動作比較慢，到19:00都還沒完成第二樣作業，L生就說他可以洗碗，我回他「全部喔？」，他說「對，沒關係，他可以洗。」超級有同學愛的～。', 0.750),
('child_M', 'perseverance', 'counseling_record', 'M 生在完成作業後感到非常疲累且想休息，但因為「有約定好」，仍堅持練習完幾題數學才休息，展現了面對阻礙（疲勞）仍持續行動、有始有終完成任務的精神。', 0.950),
('child_M', 'honesty', 'counseling_record', '打開書包發現沒帶聯絡簿時，M 生第一時間便「以真實的方式表現自己」，主動向老師說明漏掉的原因（因為第八節換教室），而非隱瞞或找藉口，展現了對行為負責的態度。', 0.950),
('child_M', 'kindness', 'counseling_record', '很喜歡過生日也會希望重要他人可以一起享受這個喜悅。', 0.750),
('child_M', 'judgment', 'counseling_record', '對複習有點抗拒，但說明清楚國三的本分也說明複習完還是可以休息，M生就很願意做到。', 0.750),
('child_M', 'social_intelligence', 'counseling_record', '面對立可帶損壞的突發狀況，能靈活地與同學（L生）協商借用文具以完成訂正。', 0.750),
('child_N', 'self_regulation', 'counseling_record', '雖然晚到教室，但能對時間做出判斷，自行決定「先寫作業再吃飯」，規範行為優先順序。', 0.950),
('child_N', 'perseverance', 'counseling_record', '結合已知單字與課業內容，很認真且完整地完成了英文聽說讀寫的任務。', 0.950),
('child_N', 'creativity', 'counseling_record', '靈活運用 AI 工具（ChatGPT）來整理句子輔助札記撰寫，將新工具應用在日常任務中。', 0.750),
('child_N', 'honesty', 'counseling_record', '接受並負責自己的選擇。因先前的決定導致最後剩菜較少時，仍能清楚接受現況並開心吃完。', 0.750),
('child_N', 'curiosity', 'counseling_record', '想知道自己感興趣的東西是否符合帶到陪讀班的規定。', 0.750),
('child_O', 'self_regulation', 'counseling_record', '寫作業的時間一到，就馬上放下手機。', 0.950),
('child_O', 'kindness', 'counseling_record', '看見老師在搬排桌子，不待要求便主動上前協助，展現對他人的友愛與溫暖。', 0.950),
('child_O', 'social_intelligence', 'counseling_record', '雖然曾因被打擾而嫌老師吵，但仍持續分享個人生活細節與生活，展現出其在建立人際連結與信任過程中的漸進式成長。', 0.950),
('child_O', 'perseverance', 'counseling_record', '雖然練習轉筆時會一直掉筆，但仍不放棄並持續自我精進，直到快要學會為止，展現出對興趣的韌性。', 0.750),
('child_O', 'curiosity', 'counseling_record', '展現積極的學習態度，主動詢問英文片語 by the way 的用法與數學難題，渴望弄懂知識細節。', 0.750),
('child_P', 'perseverance', 'counseling_record', '儘管在練完球體力消耗極大的情況下，到班仍能利用僅剩的時間補齊讀報心得與錄音，展現出不輕易放棄任務的韌性。', 0.950),
('child_P', 'zest', 'counseling_record', '談論到籃球巨星 Curry 時展現高度的興致，並將這份對籃球的熱情轉化為社交話題與課後活動的動力。', 0.950),
('child_P', 'self_regulation', 'counseling_record', '與老師約定在教室外操作電腦 20 分鐘後回班，雖然中途不小心睡著，但仍能準時進教室，展現對承諾與時間的自我管理。', 0.950),
('child_P', 'humor', 'counseling_record', '在寫檔案卡的時候，他自言自語說自己個性可愛、活潑，優點是帥氣，O生跟我都笑出來。', 0.950),
('child_P', 'social_intelligence', 'counseling_record', '透過共同興趣（打撞球）與同學互動，在遊戲中主動培養感情，展現出融入同儕團體的能力。', 0.950)
;

INSERT IGNORE INTO child_outfits (child_id, outfit_id, unlocked_source) VALUES
('child_B', 'starter_scarf', 'seed'),
('child_B', 'perseverance_boots', 'counseling_record'),
('child_B', 'self_regulation_shield', 'counseling_record'),
('child_B', 'social_bridge_badge', 'counseling_record'),
('child_B', 'honesty_badge', 'counseling_record'),
('child_B', 'hope_compass', 'counseling_record'),
('child_C', 'starter_scarf', 'seed'),
('child_C', 'self_regulation_shield', 'counseling_record'),
('child_C', 'perseverance_boots', 'counseling_record'),
('child_C', 'honesty_badge', 'counseling_record'),
('child_C', 'social_bridge_badge', 'counseling_record'),
('child_C', 'learning_glasses', 'counseling_record'),
('child_D', 'starter_scarf', 'seed'),
('child_D', 'self_regulation_shield', 'counseling_record'),
('child_D', 'perseverance_boots', 'counseling_record'),
('child_D', 'honesty_badge', 'counseling_record'),
('child_D', 'hope_compass', 'counseling_record'),
('child_D', 'social_bridge_badge', 'counseling_record'),
('child_E', 'starter_scarf', 'seed'),
('child_E', 'perseverance_boots', 'counseling_record'),
('child_E', 'kindness_cloak', 'counseling_record'),
('child_E', 'self_regulation_shield', 'counseling_record'),
('child_E', 'judgment_lens', 'counseling_record'),
('child_E', 'curiosity_hat', 'counseling_record'),
('child_F', 'starter_scarf', 'seed'),
('child_F', 'social_bridge_badge', 'counseling_record'),
('child_F', 'hope_compass', 'counseling_record'),
('child_F', 'perspective_map', 'counseling_record'),
('child_F', 'kindness_cloak', 'counseling_record'),
('child_F', 'judgment_lens', 'counseling_record'),
('child_G', 'starter_scarf', 'seed'),
('child_G', 'social_bridge_badge', 'counseling_record'),
('child_G', 'zest_scarf', 'counseling_record'),
('child_G', 'self_regulation_shield', 'counseling_record'),
('child_G', 'hope_compass', 'counseling_record'),
('child_G', 'kindness_cloak', 'counseling_record'),
('child_H', 'starter_scarf', 'seed'),
('child_H', 'judgment_lens', 'counseling_record'),
('child_H', 'social_bridge_badge', 'counseling_record'),
('child_H', 'perspective_map', 'counseling_record'),
('child_H', 'perseverance_boots', 'counseling_record'),
('child_H', 'self_regulation_shield', 'counseling_record'),
('child_I', 'starter_scarf', 'seed'),
('child_I', 'judgment_lens', 'counseling_record'),
('child_I', 'perseverance_boots', 'counseling_record'),
('child_I', 'self_regulation_shield', 'counseling_record'),
('child_I', 'social_bridge_badge', 'counseling_record'),
('child_I', 'bravery_cape', 'counseling_record'),
('child_J', 'starter_scarf', 'seed'),
('child_J', 'self_regulation_shield', 'counseling_record'),
('child_J', 'perseverance_boots', 'counseling_record'),
('child_J', 'social_bridge_badge', 'counseling_record'),
('child_J', 'bravery_cape', 'counseling_record'),
('child_J', 'prudence_lantern', 'counseling_record'),
('child_K', 'starter_scarf', 'seed'),
('child_K', 'self_regulation_shield', 'counseling_record'),
('child_K', 'perseverance_boots', 'counseling_record'),
('child_K', 'curiosity_hat', 'counseling_record'),
('child_K', 'social_bridge_badge', 'counseling_record'),
('child_K', 'honesty_badge', 'counseling_record'),
('child_L', 'starter_scarf', 'seed'),
('child_L', 'judgment_lens', 'counseling_record'),
('child_L', 'self_regulation_shield', 'counseling_record'),
('child_L', 'perseverance_boots', 'counseling_record'),
('child_L', 'social_bridge_badge', 'counseling_record'),
('child_L', 'kindness_cloak', 'counseling_record'),
('child_M', 'starter_scarf', 'seed'),
('child_M', 'perseverance_boots', 'counseling_record'),
('child_M', 'honesty_badge', 'counseling_record'),
('child_M', 'kindness_cloak', 'counseling_record'),
('child_M', 'judgment_lens', 'counseling_record'),
('child_M', 'social_bridge_badge', 'counseling_record'),
('child_N', 'starter_scarf', 'seed'),
('child_N', 'self_regulation_shield', 'counseling_record'),
('child_N', 'perseverance_boots', 'counseling_record'),
('child_N', 'creativity_brush', 'counseling_record'),
('child_N', 'honesty_badge', 'counseling_record'),
('child_N', 'curiosity_hat', 'counseling_record'),
('child_O', 'starter_scarf', 'seed'),
('child_O', 'self_regulation_shield', 'counseling_record'),
('child_O', 'kindness_cloak', 'counseling_record'),
('child_O', 'social_bridge_badge', 'counseling_record'),
('child_O', 'perseverance_boots', 'counseling_record'),
('child_O', 'curiosity_hat', 'counseling_record'),
('child_P', 'starter_scarf', 'seed'),
('child_P', 'perseverance_boots', 'counseling_record'),
('child_P', 'zest_scarf', 'counseling_record'),
('child_P', 'self_regulation_shield', 'counseling_record'),
('child_P', 'humor_button', 'counseling_record'),
('child_P', 'social_bridge_badge', 'counseling_record')
;
